<?xml version="1.0" encoding="UTF-8" standalone="yes"?>
<w:webSettings xmlns:mc="http://schemas.openxmlformats.org/markup-compatibility/2006"
               xmlns:r="http://schemas.openxmlformats.org/officeDocument/2006/relationships"
               xmlns:w="http://schemas.openxmlformats.org/wordprocessingml/2006/main"
               xmlns:w14="http://schemas.microsoft.com/office/word/2010/wordml"
               xmlns:w15="http://schemas.microsoft.com/office/word/2012/wordml" mc:Ignorable="w14 w15">
    <w:divs>
        <w:div w:id="424618367">
            <w:bodyDiv w:val="1"/>
            <w:marLeft w:val="0"/>
            <w:marRight w:val="0"/>
            <w:marTop w:val="0"/>
            <w:marBottom w:val="0"/>
            <w:divBdr>
                <w:top w:val="none" w:sz="0" w:space="0" w:color="auto"/>
                <w:left w:val="none" w:sz="0" w:space="0" w:color="auto"/>
                <w:bottom w:val="none" w:sz="0" w:space="0" w:color="auto"/>
                <w:right w:val="none" w:sz="0" w:space="0" w:color="auto"/>
            </w:divBdr>
            <w:divsChild>
                <w:div w:id="836456268">
                    <w:marLeft w:val="0"/>
                    <w:marRight w:val="0"/>
                    <w:marTop w:val="0"/>
                    <w:marBottom w:val="0"/>
                    <w:divBdr>
                        <w:top w:val="none" w:sz="0" w:space="0" w:color="auto"/>
                        <w:left w:val="none" w:sz="0" w:space="0" w:color="auto"/>
                        <w:bottom w:val="none" w:sz="0" w:space="0" w:color="auto"/>
                        <w:right w:val="none" w:sz="0" w:space="0" w:color="auto"/>
                    </w:divBdr>
                </w:div>
            </w:divsChild>
        </w:div>
        <w:div w:id="615714728">
            <w:bodyDiv w:val="1"/>
            <w:marLeft w:val="0"/>
            <w:marRight w:val="0"/>
            <w:marTop w:val="0"/>
            <w:marBottom w:val="0"/>
            <w:divBdr>
                <w:top w:val="none" w:sz="0" w:space="0" w:color="auto"/>
                <w:left w:val="none" w:sz="0" w:space="0" w:color="auto"/>
                <w:bottom w:val="none" w:sz="0" w:space="0" w:color="auto"/>
                <w:right w:val="none" w:sz="0" w:space="0" w:color="auto"/>
            </w:divBdr>
            <w:divsChild>
                <w:div w:id="355692863">
                    <w:marLeft w:val="0"/>
                    <w:marRight w:val="0"/>
                    <w:marTop w:val="0"/>
                    <w:marBottom w:val="0"/>
                    <w:divBdr>
                        <w:top w:val="none" w:sz="0" w:space="0" w:color="auto"/>
                        <w:left w:val="none" w:sz="0" w:space="0" w:color="auto"/>
                        <w:bottom w:val="none" w:sz="0" w:space="0" w:color="auto"/>
                        <w:right w:val="none" w:sz="0" w:space="0" w:color="auto"/>
                    </w:divBdr>
                </w:div>
            </w:divsChild>
        </w:div>
        <w:div w:id="710033592">
            <w:bodyDiv w:val="1"/>
            <w:marLeft w:val="0"/>
            <w:marRight w:val="0"/>
            <w:marTop w:val="0"/>
            <w:marBottom w:val="0"/>
            <w:divBdr>
                <w:top w:val="none" w:sz="0" w:space="0" w:color="auto"/>
                <w:left w:val="none" w:sz="0" w:space="0" w:color="auto"/>
                <w:bottom w:val="none" w:sz="0" w:space="0" w:color="auto"/>
                <w:right w:val="none" w:sz="0" w:space="0" w:color="auto"/>
            </w:divBdr>
            <w:divsChild>
                <w:div w:id="1186167744">
                    <w:marLeft w:val="0"/>
                    <w:marRight w:val="0"/>
                    <w:marTop w:val="0"/>
                    <w:marBottom w:val="0"/>
                    <w:divBdr>
                        <w:top w:val="none" w:sz="0" w:space="0" w:color="auto"/>
                        <w:left w:val="none" w:sz="0" w:space="0" w:color="auto"/>
                        <w:bottom w:val="none" w:sz="0" w:space="0" w:color="auto"/>
                        <w:right w:val="none" w:sz="0" w:space="0" w:color="auto"/>
                    </w:divBdr>
                </w:div>
            </w:divsChild>
        </w:div>
    </w:divs>
    <w:optimizeForBrowser/>
</w:webSettings>